insert into quest_template values 
('51000', '1', '3277', '0', '70', '70', '41', '1101', '0', '0', '0', '0', '0', '0', '0', '0', '0', '64', '1', '0', '0', '0', '0', '0', '0', '0', '0', 'Vanquish more invaders!', 'So $c, you''re here to claim your reward? Let''s see if you deserve it!', 'Obtain 10 Warsong Gulch Marks of Honor, and return to Sentinel Farsong at the Silverwing Grove.', NULL, NULL, '', '', '', '', '', '20558', '0', '0', '0', '10', '0', '0', '0', '0', '0', '0', '0', '0', '0', '0', '0', '0', '0', '0', '0', '0', '0', '0', '0', '0', '0', '0', '0', '0', '0', '0', '0', '0', '0', '0', '0', '0', '0', '0', '0', '0', '0', '0', '0', '0', '0', '0', '0', '0', '0', '0', '0', '0', '0', '0', '0', '0', '0', '0', '0', '0', '0', '0', '327300', '0', '0', '0', '0', '0', '0', '0', '0', '0', '0', '0', '0', '0', '0', '1', '0', '0', '0', '0', '0', '0'),
('51001', '1', '3277', '0', '70', '70', '41', '690', '0', '0', '0', '0', '0', '0', '0', '0', '0', '64', '1', '0', '0', '0', '0', '0', '0', '0', '0', 'Quell more Silverwing Usurpers',  'So $c, you''re here to claim your reward? Let''s see if you deserve it!','Obtain 10 Warsong Gulch Marks of Honor, and bring it to Captain Shatterskull at the Mor''shan Base Camp.',NULL, NULL, '', '', '', '', '', '20558', '0', '0', '0', '10', '0', '0', '0', '0', '0', '0', '0', '0', '0', '0', '0', '0', '0', '0', '0', '0', '0', '0', '0', '0', '0', '0', '0', '0', '0', '0', '0', '0', '0', '0', '0', '0', '0', '0', '0', '0', '0', '0', '0', '0', '0', '0', '0', '0', '0', '0', '0', '0', '0', '0', '0', '0', '0', '0', '0', '0', '0', '0', '327300', '0', '0', '0', '0', '0', '0', '0', '0', '0', '0', '0', '0', '0', '0', '1', '0', '0', '0', '0', '0', '0'),
('51002', '1', '2597', '0', '70', '70', '41', '1101', '0', '0', '0', '0', '0', '0', '0', '0', '0', '64', '1', '0', '0', '0', '0', '0', '0', '0', '0', 'Join the battle!', 'So $c, you''re here to claim your reward? Let''s see if you deserve it!', 'Join the battle and obtain an Alterac Valley Mark of Honor', NULL, NULL, '', '', '', '', '', '20560', '0', '0', '0', '1', '0', '0', '0', '0', '0', '0', '0', '0', '0', '0', '0', '0', '0', '0', '0', '0', '0', '0', '0', '0', '0', '0', '0', '0', '0', '0', '0', '0', '0', '0', '0', '0', '0', '0', '0', '0', '0', '0', '0', '0', '0', '0', '0', '0', '0', '0', '0', '0', '0', '0', '0', '0', '0', '0', '0', '0', '0', '0', '30000', '0', '0', '0', '0', '0', '0', '0', '0', '0', '0', '0', '0', '0', '0', '1', '0', '0', '0', '0', '0', '0'),
('51003', '1', '2597', '0', '70', '70', '41', '690', '0', '0', '0', '0', '0', '0', '0', '0', '0', '64', '1', '0', '0', '0', '0', '0', '0', '0', '0', 'Join the battle!',  'So $c, you''re here to claim your reward? Let''s see if you deserve it!', 'Join the battle and obtain an Alterac Valley Mark of Honor', NULL, NULL, '', '', '', '', '', '20560', '0', '0', '0', '1', '0', '0', '0', '0', '0', '0', '0', '0', '0', '0', '0', '0', '0', '0', '0', '0', '0', '0', '0', '0', '0', '0', '0', '0', '0', '0', '0', '0', '0', '0', '0', '0', '0', '0', '0', '0', '0', '0', '0', '0', '0', '0', '0', '0', '0', '0', '0', '0', '0', '0', '0', '0', '0', '0', '0', '0', '0', '0', '30000', '0', '0', '0', '0', '0', '0', '0', '0', '0', '0', '0', '0', '0', '0', '1', '0', '0', '0', '0', '0', '0'),
('51004', '1', '2597', '0', '70', '70', '41', '1101', '0', '0', '0', '0', '0', '0', '0', '0', '0', '64', '1', '0', '0', '0', '0', '0', '0', '0', '0', 'Victory is ours!', 'So $c, you''re here to claim your reward? Let''s see if you deserve it!', 'Obtain 10 Alterac Valley Marks of Honor', NULL, NULL, '', '', '', '', '', '20560', '0', '0', '0', '10', '0', '0', '0', '0', '0', '0', '0', '0', '0', '0', '0', '0', '0', '0', '0', '0', '0', '0', '0', '0', '0', '0', '0', '0', '0', '0', '0', '0', '0', '0', '0', '0', '0', '0', '0', '0', '0', '0', '0', '0', '0', '0', '0', '0', '0', '0', '0', '0', '0', '0', '0', '0', '0', '0', '0', '0', '0', '0', '300000', '0', '0', '0', '0', '0', '0', '0', '0', '0', '0', '0', '0', '0', '0', '1', '0', '0', '0', '0', '0', '0'),
('51005', '1', '2597', '0', '70', '70', '41', '690', '0', '0', '0', '0', '0', '0', '0', '0', '0', '64', '1', '0', '0', '0', '0', '0', '0', '0', '0', 'Victory is ours!',  'So $c, you''re here to claim your reward? Let''s see if you deserve it!', 'Obtain 10 Alterac Valley Marks of Honor', NULL, NULL, '', '', '', '', '', '20560', '0', '0', '0', '10', '0', '0', '0', '0', '0', '0', '0', '0', '0', '0', '0', '0', '0', '0', '0', '0', '0', '0', '0', '0', '0', '0', '0', '0', '0', '0', '0', '0', '0', '0', '0', '0', '0', '0', '0', '0', '0', '0', '0', '0', '0', '0', '0', '0', '0', '0', '0', '0', '0', '0', '0', '0', '0', '0', '0', '0', '0', '0', '300000', '0', '0', '0', '0', '0', '0', '0', '0', '0', '0', '0', '0', '0', '0', '1', '0', '0', '0', '0', '0', '0');
insert into creature_questrelation values (13840,51003),(13840,51005),(13841,51002),(13841,51004),(14781,51001),(14733,51000);
insert into creature_involvedrelation values (13840,51003),(13840,51005),(13841,51002),(13841,51004),(14781,51001),(14733,51000);